"(Leave empty for first spreadsheet)","(Dejar vac&iacute;o en la primera hoja)"
"(Starting with)","(Empieza con)"
"(Products will be added/updated to this store if 'store' column is blank or missing in the import file.)","(Los productos ser&aacute;n agregados/actualizados en esta tienda si la columna 'tienda' est&aacute; vac&iacute;a o no se encuentra en el archivo de importaci&oacute;n)"
"(For US 2-letter state names)","(Para USA, nombres de estados de 2 letras)"
"(Absolute path or Relative to Magento install root, ex. var/export)","(Ruta absoluta o relativa a la raiz de instalaci&oacute;n de Magento, ej. var/export)"
"(When 'No', only mapped fields will be imported. When mapping, use 'column1', 'column2', etc.)","(Si 'No', s&oacute;lo los campos vinculados ser&aacute;n importados. Al vincularlos, use 'column1', 'column2', etc.)"
"(If left empty will be auto-generated)","(Si se deja vac&iacute;o ser&aacute; auto-generado)"
"(t for tab)","(t para tabulaci&oacute;n)"
"-- Please select a category --","-- Por favor, elija una categor&iacute;a --"
"--Please Select--","-- Por favor, seleccione --"
"-- Please Select --","-- Por favor, seleccione --"
"YTD","1 a&ntilde;o hasta hoy"
"2YTD","2 a&ntilde;os hasta hoy"
"<h1 class=""page-heading"">Access denied</h1><p>Access denied.</p>","<h1 class=""page-heading"">Acceso denegado</h1><p>Acceso denegado.</p>"
"<h1 class=""page-heading"">404 Error</h1><p>Page not found.</p>","<h1 class=""page-heading"">Error 404</h1><p>P&aacute;gina no encontrada.</p>"
"Log into Magento Admin Page","Acceder a la p&aacute;gina de administraci&oacute;n de Magento"
"Logged in as %s","Accedi&oacute; como %s"
"Resource Access","Acceso a recurso"
"Access Deny","Acceso denegado"
"Access Denied.","Acceso denegado"
"Action","Acci&oacute;n"
"Profile Action","Acci&oacute;n del perfil"
"Actions","Acciones"
"Profile Actions XML","Acciones del perfil XML"
"Actions XML","Acciones XML"
"Active","Activo"
"Updated At","Actualizado el"
"Upgrading $pkg, please wait...","Actualizando $pkg, por favor espere..."
"Upgrading selected packages, please wait...","Actualizando los paquetes seleccionados, por favor espere..."
"Upgrading all available packages, please wait...","Actualizando todos los paquetes disponibles, por favor espere..."
"Upgrading all packages, please wait...","Actualizando todos los paquetes, por favor espere..."
"Upgrade","Actualizar"
"Update","Actualizar"
"Upgrade all packages","Actualizar todos los paquetes"
"Upgrade All Available Packages","Actualizar todos los paquetes disponibles"
"Upgrade all available packages","Actualizar todos los paquetes disponibles"
"Magento Admin","Administracion de Magento"
"Admin","Administrador"
"Warning: Please don't close window during importing/exporting data","Advertencia: Por favor, no cierre esta ventana durante la importaci&oacute;n/exportaci&oacute;n de datos"
"Add New Profile","Agregar un nuevo perfil"
"Add new Role","Agregar un nuevo rol"
"Add New Role","Agregar un nuevo rol"
"Add New User","Agregar un nuevo usuario"
"Add New Image","Agregar una nueva imagen"
"Add New Template","Agregar una nueva plantilla"
"Add New Urlrewrite","Agregar una nueva reescritura de URL"
"Add Url Rewrite","Agregar una reescritura de URL"
"Add Field Mapping","Agregar vinculaci&oacute;n de campo"
"Current Configuration Scope:","Alcance de la configuraci&oacute;n actual"
"website(%s) scope","alcance de sitio web(%s)"
"store(%s) scope","alcance de tienda(%s)"
"Default scope","Alcance por defecto"
"Some of the ordered items don't exist in the catalog anymore and will be removed if you try to edit the order.","Algunos de los art&iacute;culos pedidos ya no existen en el cat&aacute;logo y ser&aacute;n borrados si edita el Pedido"
"Both (without and with tax)","Ambos (sin y con impuesto)"
"Lastname","Apellido"
"Last Name","Apellido"
"Last Name:","Apellido:"
"API:","API:"
"Install Package File","Archivo de instalaci&oacute;n de paquete"
"Watermark File for %s","Archivo de marca de agua para %s"
"Invalid file: %s","Archivo inv&aacute;lido: %s"
"Provided Files","Archivos provistos"
"Individual Item","Art&iacute;culo individual"
"Items","Art&iacute;culos"
"Items Ordered","Art&iacute;culos Pedidos"
"items selected","art&iacute;culos seleccionados"
"Please make sure that all global admin search modules are installed and activated.","Aseg&uacute;rese de que todos los m&oacute;dulos de b&uacute;squeda global est&aacute;n instalados y activados."
"Assigned","Asignado"
"Subject","Asunto"
"Template Subject","Asunto de la plantilla"
"Global Attribute","Atributo global"
"Warning!
This action will remove those users from already assigned roles
Are you sure?","Â¡Advertencia! Esta acci&ooacute;n eliminar&aacute; a esos usuarios de roles ya asignados. Â¿Est&aacute; seguro?"
"Warning!
This action will remove this user from already assigned role
Are you sure?","Â¡Advertencia! Esta acci&ooacute;n eliminar&aacute; a este usuario de un rol ya asignado. Â¿Est&aacute; seguro?"
"Forgot your password?","Â¿Olvid&oacute; su contrase&ntilde;a?"
"b","b"
"Global Record Search","B&uacute;squeda de registro global"
"Delete","Borrar"
"Delete Sitemap","Borrar el mapa del sitio"
"Delete Profile","Borrar el perfil"
"Delete Role","Borrar el rol"
"Delete Website","Borrar el sitio web"
"Delete User","Borrar el usuario"
"Delete Template","Borrar la plantilla"
"Delete Url","Borrar la URL"
"Delete Store View","Borrar la vista de tienda"
"Search","Buscar"
"Browse Files...","Buscar archivos..."
"Browse Available Extensions","Buscar las extensiones disponibles"
"Browse Available Remote Extensions","Buscar las extensiones remotas disponibles"
"SKU","C&oacute;digo"
"Action Code","C&oacute;digo de acci&oacute;n"
"Coupon Code","C&oacute;digo de cup&oacute;n"
"Card Verification Number","C&oacute;digo de seguridad de Tarjeta"
"Zip/Postal Code","C&oacute;digo postal"
"Zip/Postal Code:","C&oacute;digo postal:"
"SKU:","C&oacute;digo:"
"Ratings","Calificaciones"
"This is a required field.","Campo requerido"
"Channel","Canal"
"Channel:","Canal:"
"Qty","Cant"
"Quantity","Cantidad"
"Discount Amount","Cantidad de descuento"
"Stock Quantity:","Cantidad en existencia:"
"Loading...","Cargando…"
"Load","Cargar"
"Load previously created custom local package information","Cargar la informaci&oacute;n del paquete local customizado previamente creado"
"Load Template","Cargar la plantilla"
"Load default template","Cargar la plantilla por defecto"
"Shopping Cart from %s","Carrito de compras desde %s"
"Catalog","Cat&aacute;logo"
"Category","Categor&iacute;a"
"Product Categories","Categor&iacute;as de productos"
"Log Out","Cerrar SesiÃ³n"
"Lifetime Sales","Ciclo de ventas"
"Customer","Cliente"
"Customer Since:","Cliente desde:"
"Customers","Clientes"
"Help Us Keep Magento Healthy - Report All Bugs","Colabore en el desarrollo de Magento - Informe todos los errores"
"Invoice #%s comment added","Comentario agregado a factura #%s"
"Shipment Comments","Comentarios del env&iacute;o"
"Starting profile execution, please wait...","Comenzando la ejecuci&oacute;n del perfil. Por favor espere..."
"Complete","Completar"
"Connect with the Magento Community","Conectar a la Comunidad de Magento"
"Configuration","Configuraci&oacute;n"
"Wrong tab configuration","Configuraci&oacute;n de pesta&ntilde;a err&oacute;nea"
"PEAR config","Configuraci&oacute;n PEAR"
"Default Config","Configuraci&oacute;n por defecto"
"Password Confirmation","Confirmaci&oacute;n de contrase&ntilde;a"
"Conflicts","Conflictos"
"PEAR Console","Consola PEAR"
"Template Content","Contenido de la plantilla"
"Contents","Contenidos"
"Password","Contrase&ntilde;a"
"Password (123123):","Contrase&ntilde;a"
"Password:","Contrase&ntilde;a:"
"Changelog","Control de cambios"
"Convert to Plain Text","Convertir a texto plano"
"Cookie (Unsafe)","Cookie (Inseguro)"
"Backup","Copia de seguridad"
"Backups","Copias de seguridad"
"Order confirmation email sent","Correo de confirmaci&oacute;n de pedido enviado"
"Order confirmation email not sent","Correo de confirmaci&oacute;n de pedido no enviado"
"Email","Correo electr&oacute;nico"
"User Email","Correo electr&oacute;nico del usuario"
"PayPal Email","Correo electr&oacute;nico PayPal"
"Email:","Correo electr&oacute;nico:"
"Transactional Emails","Correos electr&oacute;nicos transaccionales"
"Created At","Creado el"
"Create","Crear"
"Create Urlrewrite for","Crear reescritura de URL para"
"Create New Attribute","Crear un nuevo atributo"
"Create Extension Package","Crear un paquete de extensiones"
"CSV","CSV"
"CSV / Tab separated","CSV /  separado con tabulaciones"
"Grid (default) / List","Cuadr&iacute;cula (por defecto) / Lista"
"Grid only","Cuadr&iacute;cula solamente"
"Any Attribute Set","Cualquier conjunto de atributos"
"Any Status","Cualquier estado"
"Any Group","Cualquier grupo"
"Any Store","Cualquier tienda"
"Any Type","Cualquier tipo"
"Any Visibility","Cualquier visibilidad"
"Any","Cualquiera"
"Account Created on:","Cuenta creada el:"
"Account Created in:","Cuenta creada en:"
"Coupons","Cupones"
"Invalid input data for %s => %s rate","Datos ingresados inv&aacute;lidos para %s => %s tasa"
"of %s pages","de %s p&aacute;gina(s)"
"You need specify order items","Debe especificar los art&iacute;culos para el pedido"
"Value Delimiter:","Delimitador de valor:"
"Dependencies","Dependencias"
"Maintainers","Desarrolladores"
"Downloading and installing $pkg, please wait...","Descargando e instalando $pkg, por favor espere…"
"Download Remote File","Descargar archivo remoto"
"Download and Install","Descargar e instalar"
"Unknown","Desconocido"
"Description","Descripci&oacute;n"
"Description:","Descripci&oacute;n:"
"From","Desde"
"Unselect All","Deseleccionar todo"
"Unselect Visible","Deseleccionar visible"
"Disabled","Deshabilitado"
"Disable","Deshabilitar"
"Uninstalling $pkg, please wait...","Desinstalando $pkg, por favor espere..."
"Uninstalling selected packages, please wait...","Desinstalando los paquetes seleccionados, por favor espere..."
"Uninstall","Desinstalar"
"Target Path","Destino de la ruta"
"Return Html Version","Devolver versi&oacute;n HTML"
"Email Address:","Direcci&oacute;n de correo electr&oacute;nico:"
"Shipping address","Direcci&oacute;n de env&iacute;o"
"Shipping Address","Direcci&oacute;n de env&iacute;o"
"Billing address","Direcci&oacute;n de facturaci&oacute;n"
"Billing Address","Direcci&oacute;n de facturaci&oacute;n"
"Primary Billing Address","Direcci&oacute;n de facturaci&oacute;n principal"
"IP Address","Direcci&oacute;n de IP"
"Profile Direction","Direcci&oacute;n del perfil"
"Direction:","Direcci&oacute;n:"
"Invalid directory: %s","Directorio inv&aacute;lido: %s"
"Design","Dise&ntilde;o"
"Edit","Editar"
"Edit Role","Editar el rol"
"Edit Website","Editar el sitio web"
"Edit User","Editar el usuario"
"Edit Tag","Editar la etiqueta"
"Edit Template","Editar la plantilla"
"Edit Email Template","Editar la plantilla de correo electr&oacute;nico"
"Edit System Template","Editar la plantilla del sistema"
"Edit Url","Editar la URL"
"Edit Store View","Editar la vista de tienda"
"Edit Poll","Editar la votaci&oacute;n"
"Edit Url #%s","Editar URL #%s"
"Edit User '%s'","Editar usuario '%s'"
"Toggle Editor","Editor de estado"
"Finished profile execution.","Ejecuci&oacute;n de perfil finalizada"
"Running:","Ejecutando:"
"Run","Ejecutar"
"Run Profile Inside This Window","Ejecutar el perfil en esta ventana"
"Run Profile In Popup","Ejecutar el perfil en una ventana emergente"
"Run in popup","Ejecutar en una ventana emergente"
"Run Profile","Ejecutar perfil"
"File %s.ser could not be read","El archivo %s. no pudo ser le&iacute;do."
"Design change deleted","El cambio de dise&ntilde;o fue borrado"
"Design change saved","El cambio de dise&ntilde;o fue grabado"
"Customer was deleted","El cliente fue borrado"
"Customer was successfully saved","El cliente fue grabado exitosamente"
" The customer doesn't exist in the system anymore","El cliente ya no existe en el sistema"
"Credit Memo #%s comment added","El comentario de la Nota de Cr&eacute;dito #%s fue agregado"
"Attribute set was successfully removed.","El conjunto de atributos fue borrado con &eacute;xito"
"Attribute set successfully saved.","El conjunto de atributos fue grabado con &eacute;xito"
"Shipping method must be specified","El m&eacute;todo de env&iacute;o debe estar especificado"
"Payment method must be specified","El m&eacute;todo de pago debe estar especificado"
"Profile was deleted","El perfil fue borrado con &eacute;xito"
"Profile was successfully saved","El perfil fue grabado con &eacute;xito"
"Role successfully deleted.","El rol fue borrado con &eacute;xito"
"Role successfully saved.","El rol fue grabado con &eacute;xito"
"Invalid Import Service Specified","El servicio de importaci&oacute;n especificado es inv&aacute;lido"
"Subpackage can't be conflicting","El subpaquete no puede estar en conflicto"
"File size should be more than 0 bytes","El tama&ntilde;o del archivo debe ser mayor que 0 bytes"
"User was successfully deleted","El usuario fue borrado con &eacute;xito"
"User was successfully saved","El usuario fue guardado con &eacute;xito"
"In","En"
"In File:","En archivo:"
"In Database:","En base de datos:"
"Shipping","Env&iacute;os"
"Submit","Enviar"
"Error while updating selected review(s). Please try again later.","Error al actualizar las opiniones seleccionadas. Por favor, intente m&aacute;s tarde."
"Error while deleting this set.","Error al borrar este conjunto."
"Error while deleting this role. Please try again later.","Error al borrar este rol. Por favor, intente m&aacute;s tarde."
"Error while create backup. Please try again later","Error al crear la copia de seguridad. Por favor intente m&aacute;s tarde"
"Error while saving this configuration: ","Error al guardar esta configuraci&oacute;n:"
"Error while saving this role. Please try again later.","Error al guardar este rol. Por favor, intente m&aacute;s tarde."
"Error while saving account. Please try again later","Error al guardar la cuenta. Por favor, intente m&aacute;s tarde."
"Error uploading the file","Error al subir el archivo"
"Upload HTTP Error","Error de HTTP en la subida"
"Upload I/O Error","Error de I/O en la subida"
"Upload Security Error","Error de seguridad en la subida"
"Unknown error","Error desconocido"
"SSL Error: Invalid or self-signed certificate","Error SSL: Certificado inv&aacute;lido o auto-firmado"
"Specific Countries","Especificar pa&iacute;ses"
"Are you sure you wish to UPGRADE all selected packages?","Est&aacute; seguro de ACTUALIZAR todos los paquetes seleccionados?"
"Are you sure that you want to delete this template?","Est&aacute; seguro de borrar esta plantilla?"
"Are you sure you wish to UNINSTALL all selected packages?","Est&aacute; seguro de DESINSTALAR todos los paquetes seleccionados?"
"Are you sure that you want to strip tags?","Est&aacute; seguro de desmontar las etiquetas?"
"Are you sure you wish to INSTALL all selected packages?","Est&aacute; seguro de INSTALAR todos los paquetes seleccionados?"
"Are you sure you want to do this?","Est&aacute; seguro de que quiere hacer esto?"
"This tab contains invalid data. Please solve the problem before saving.","Esta pesta&ntilde;a contiene datos inv&aacute;lidos. Por favor, soluci&oacute;nelo antes de guardar."
"Stability","Estabilidad"
"API Stability","Estabilidad API"
"Release Stability","Estabilidad del lanzamiento"
"Status","Estado"
"Account status","Estado de la cuenta"
"Preferred state","Estado preferido"
"State/Province:","Estado/Provincia:"
"Status:","Estado:"
"We're in our typing table, coding away more features for Magento. Thank you for your patience.","Estamos trabajando, programando m&aacute;s mejoras para Magento. Gracias por su paciencia."
"We're in our typing table, coding away more features for Magento. Thank you for your patience.","Estamos trabajando, programando m&aacute;s mejoras para Magento. Gracias por su paciencia."
"This attribute shares the same value in all the stores","Este atributo comparte el mismo valor en todas las tiendas"
"This attribute set don't have attributes which we can use for configurable product","Este conjunto de atributos no tiene atributos que puedan usarse para productos configurables"
"This user no longer exists","Este usuario no existe m&aacute;s."
"Tags","Etiquetas"
"Pending Tags","Etiquetas pendientes"
"Exclude","Excluir"
"Exclude (comma separated)","Excluir (separado por coma)"
"Export","Exportar"
"Export to:","Exportar a:"
"Export CSV","Exportar CSV"
"Export Filters","Exportar filtros"
"Export:","Exportar:"
"Extension","Extensi&oacute;n"
"Extensions","Extensiones"
"Magento Extensions","Extensiones de Magento"
"Package Extensions","Extensiones del paquete"
"Invoice #%s created","Factura #%s creada"
"Date Updated","Fecha actualizada"
"Date Added","Fecha agregada"
"Expiration Date","Fecha de expiraci&oacute;n"
"Expiration Date: %s/%s","Fecha de expiraci&oacute;n: %s/%s"
"Start Date","Fecha de inicio"
"Switch/Solo/Maestro(UK Domestic) card start Date: %s/%s","Fecha de inicio de la tarjeta Switch/Solo/Maestro (UK Nacional): %s/%s"
"Switch/Solo card start Date: %s/%s","Fecha de inicio de la tarjeta Switch/Solo: %s/%s"
"Date:","Fecha:"
"Wrong column format","Formato de columna err&oacute;neo"
"Data Format","Formato de datos"
"FTP Host[:Port]","FTP Host[:Port]"
"Remote FTP","FTP remoto"
"Gb","Gb"
"Cache management","Gesti&oacute;n de cache"
"Url Rewrite Management","Gesti&oacute;n de reescritura de URL"
"Manage Customers","Gestionar clientes"
"Manage Extensions","Gestionar extensiones"
"Manage Installed Extensions","Gestionar extensiones instaladas"
"Manage Ratings","Gestionar las calificaciones"
"Manage Advanced Import/Export Profiles","Gestionar perfiles avanzados de importaci&oacute;n/exportaci&oacute;n"
"Manage Import/Export Profiles","Gestionar perfiles de importaci&oacute;n/exportaci&oacute;n"
"Manage Url Rewrites","Gestionar reescritura de URL"
"Manage Stores","Gestionar tiendas"
"Manage Currency Rates","Gestionar tipos de cambio"
"Poll Manager","Gestor de las votaciones"
"Customer Group:","Grupo de cliente:"
"Group:","Grupo:"
"Profile Wizard","Gu&iacute;a del perfil"
"Save","Guardar"
"Save Sitemap","Guardar el mapa del sitio"
"Save Profile","Guardar el perfil"
"Save Role","Guardar el rol"
"Save User","Guardar el usuario"
"Save Config","Guardar la configuraci&oacute;n"
"Save cache settings","Guardar la configuraci&oacute;n de cache"
"Save PEAR Config","Guardar la configuraci&oacute;n PEAR"
"Save Account","Guardar la cuenta"
"Save Template","Guardar la plantilla"
"Save Url","Guardar la URL"
"Save Currency Rates","Guardar las tasas de cambio"
"Save data and Create Package","Guardar los datos y crear el Paquete"
"Save and Continue Editing","Guardar y continuar editando"
"Save And Continue Edit","Guardar y continuar editando"
"Enabled","Habilitado"
"Enable","Habilitar"
"To","Hasta"
"to","hasta"
"Done by:","Hecho por:"
"Done By:","Hecho por:"
"Tools","Herramientas"
"Comments History","Historial de comentarios"
"Shipment History","Historial de env&iacute;os"
"Invoice History","Historial de facturaci&oacute;n"
"Credit Memo History","Historial de notas de cr&eacute;dito"
"Profile History","Historial del perfil"
"HTTP (unsecure)","HTTP (inseguro)"
"HTTPS (SSL)","HTTPS (SSL)"
"ID","ID"
"Role ID","ID de rol"
"User ID","ID del usuario"
"Ignore","Ignorar"
"Images","Im&aacute;genes"
"Images (.gif, .jpg, .png)","Im&aacute;genes (.gif, .jpg, .png)"
"Big Image","Imagen grande"
"images/logo.gif","images/logo.gif"
"Import/Export Advanced","ImportaciÃ³n/ExportaciÃ³n avanzada"
"Import","Importar"
"Import/Export","Importar/Exportar"
"Subtotal Amount","Importe del subtotal"
"Average Order Amount","Importe promedio de Pedidos"
"Total Amount","Importe total"
"Total Order Amount","Importe total de Pedidos"
"Amounts","Importes"
"Unable to find a user to delete","Imposible encontrar un usuario para borrar"
"Unable to find a poll to delete","Imposible encontrar una encuesta para borrar"
"Unable to find a tag to delete","Imposible encontrar una etiqueta para borrar"
"Unable to initialize import model","Imposible iniciar el modelo de importaci&oacute;n"
"Unable to get product id.","Imposible obtener el ID del producto"
"Tax","Impuestos"
"Inactive","Inactivo"
"Include","Incluir"
"Role Info","Info del rol"
"User Info","Info del usuario"
"Installed Extension Info","Informaci&oacute;n de extensi&oacute;n instalada"
"Account Information","Informaci&oacute;n de la cuenta"
"Remote Extension Info","Informaci&oacute;n de la extensi&oacute;n remota"
"Template Information","Informaci&oacute;n de la plantilla"
"Release Info","Informaci&oacute;n de lanzamiento"
"Currency Information","Informaci&oacute;n de moneda"
"User Roles Information","Informaci&oacute;n de roles del usuario"
"File Information","Informaci&oacute;n del archivo"
"Block Information","Informaci&oacute;n del bloque"
"Current Release Information","Informaci&oacute;n del lanzamiento actual"
"Sitemap Information","Informaci&oacute;n del mapa del sitio"
"Package Information","Informaci&oacute;n del paquete"
"Package Info","Informaci&oacute;n del paquete"
"Profile Information","Informaci&oacute;n del perfil"
"Role Information","Informaci&oacute;n del rol"
"User Information","Informaci&oacute;n del usuario"
"General Information","Informaci&oacute;n general"
"Personal Information","Informaci&oacute;n personal"
"Wishlist Report","Informe de la lista de art&iacute;culos de inter&eacute;s"
"Sales Report","Informe de ventas"
"Reports","Informes"
"Login","Ingresar"
"Log in to Admin Panel","Ingresar al Panel de Administraci&oacute;n"
"Invalid input:","Ingreso inv&aacute;lido:"
"Revenue","Ingresos"
"Home","Inicio"
"Pending installation...","Instalaci&oacute;n pendiente…"
"Installed As","Instalado como"
"Installing $pkg, please wait...","Instalando $pkg, por favor espere..."
"Installing selected packages, please wait...","Instalando los paquetes seleccionados, por favor espere…"
"Install","Instalar"
"Interactive","Interactivo"
"Interface Locale: %s","Interfase Local: %s"
"Guest","Invitado"
"Kb","Kb"
"Rating was successfully deleted","La calificaci&oacute;n fue borrada con &eacute;xito"
"Rating was successfully saved","La calificaci&oacute;n fue guardada con &eacute;xito"
"Configuration successfully saved","La configuraci&oacute;n fue grabada con &eacute;xito"
"PEAR Configuration was successfully saved","La configuraci&oacute;n PEAR ha sido grabada con &eacute;xito"
"Backup record was deleted","La copia de seguridad fue borrada"
"Backup successfully created","La copia de seguridad fue creada con &eacute;xito"
"This account is","La cuenta es"
"Account successfully saved","La cuenta se ha grabado con &eacute;xito"
"Email address is empty.","La direcci&oacute;n de correo electr&oacute;nico est&aacute; vac&iacute;a"
"Poll was successfully deleted","La encuesta fue borrada con &eacute;xito"
"Poll was successfully saved","La encuesta fue guardada con &eacute;xito"
"Tag was successfully deleted","La etiqueta fue borrada con &eacute;xito"
"Tag was successfully saved","La etiqueta fue guardada con &eacute;xito"
"The information in this tab has been changed.","La informaci&oacute;n en esta pesta&ntilde;a ha sido cambiada."
"Credit Memo #%s created","La Nota de Cr&eacute;dito #%s ha sido creada"
"Stock notification was saved successfully","La notificaci&oacute;n de existencias ha sido grabada con &eacute;xito"
"The new password have sent to your email address. Please check your email and click back to login.","La nueva contrase&ntilde;a fue enviada a su direcci&oacute;n de correo electr&oacute;nico. Por favor, lea su correo y vuelva a acceder."
"Urlrewrite was successfully saved","La reescritura de URL fue guardada con &eacute;xito"
"Release","Lanzamiento"
"License","Licencia"
"License URI","Licencia URI"
"License:","Licencia:"
"Enclose Values In:","Limitar valores a:"
"List (default) / Grid","Lista (por defecto) / Cuadr&iacute;cula"
"List only","Lista solamente"
"Locale","Local"
"Magento Logo","Logo de Magento"
"Top 5 Search Terms","Los 5 t&eacute;rminos de b&uacute;squeda m&aacute;s importantes"
"Package %s data was successfully loaded","Los datos del paquete %s fueron cargados con &eacute;xito"
"Bestsellers","M&aacute;s vendidos"
"Maximum","M&aacute;ximo"
"Max","M&aacute;ximo"
"Minimum","M&iacute;nimo"
"Min","M&iacute;nimo"
"Magento Commerce - Administrative Panel","Magento Commerce - Panel de administraci&oacute;n"
"Magento Connect","Magento Connect"
"Magento is a trademark of Irubin Consulting Inc. DBA Varien. Copyright &copy; %s Irubin Consulting Inc.","Magento es una marca registrada de Irubin Consulting Inc. DBA Varien. Copyright &copy; %s Irubin Consulting Inc."
"Magento is a trademark of Irubin Consulting Inc. DBA Varien.<br/>Copyright &copy; %s Irubin Consulting Inc.","Magento es una marca registrada de Irubin Consulting Inc. DBA Varien.<br/>Copyright &copy; %s Irubin Consulting Inc."
"Magento&trade; is a trademark of Irubin Consulting Inc. DBA Varien.<br/>Copyright &copy; %s Irubin Consulting Inc.","Magento&trade; es una marca registrada de Irubin Consulting Inc. DBA Varien.<br/>Copyright &copy; %s Irubin Consulting Inc."
"Field Mapping","Mapeo de campo"
"Mb","Mb"
"md5sum","md5sum"
"Media (.avi, .flv, .swf)","Medios (.avi, .flv, .swf)"
"My Account","Mi cuenta"
"Thumbnail","Miniatura"
"Product Thumbnail Itself","Miniatura del producto"
"Parent Product Thumbnail","Miniatura del producto padre"
"Resize","Modificar tama&ntilde;o"
"Passive mode","Modo pasivo"
"Currency","Moneda"
"Base currency","Moneda base"
"Show Report for","Mostrar el informe para"
"Display default currency","Mostrar la moneda por defecto"
"Show reviews","Mostrar las opiniones"
"Show by","Mostrar por"
"MS Excel XML","MS Excel XML"
"Issue Number","N&uacute;mero de caso"
"Number of Orders","N&uacute;mero de pedidos"
"Tracking number %s for %s assigned","N&uacute;mero de seguimiento %s asignado para %s"
"Credit Card Number","N&uacute;mero de tarjeta de cr&eacute;dito"
"Credit Card Number: xxxx-%s","N&uacute;mero de tarjeta de cr&eacute;dito: xxxx-%s"
"Switch/Solo/Maestro(UK Domestic) card issue number: %s","N&uacute;mero de tarjeta Switch/Solo/Maestro (UK Nacional): %s"
"Switch/Solo card issue number: %s","N&uacute;mero de tarjeta Switch/Solo: %s"
"Number of Use","N&uacute;mero de uso"
"Number of Uses","N&uacute;mero de usos"
"None","Ninguno"
"Level","Nivel"
"No","No"
"No (price without tax)","No (precio sin impuesto)"
"No search keywords.","No hay palabras clave."
"No profile","No hay perfil"
"You can not delete self assigned roles.","No puede borrar roles auto asignados."
"You cannot delete account of yourself","No puede borrar su propia cuenta"
"No profile loaded...","No se carg&oacute; ning&uacute;n perfil…"
"No Data Found","No se encontraron datos"
"No Extensions Found","No se encontraron extensiones"
"No Templates Found","No se encontraron plantillas"
"No records found for this period.","No se encontraron registros para este per&iacute;odo."
"No records found.","No se encontraron registros."
"Can't delete design change","No se puede borrar el cambio de dise&ntilde;o"
"Can't find email address.","No se puede encontrar la direcci&oacute;n del correo electr&oacute;nico"
"No search modules registered","No se registraron m&oacute;dulos de b&uacute;squeda"
"You have not enought permissions to login.","No tiene suficientes permisos para acceder."
"You have not enought permissions to use this functionality.","No tiene suficientes permisos para usar esta funcionalidad."
"Name","Nombre"
"Firstname","Nombre"
"First Name","Nombre"
"Extension Name","Nombre de la extensi&oacute;n"
"Spreadsheet Name:","Nombre de la hoja de c&aacute;lculo:"
"Template Name","Nombre de la plantilla"
"User Name (admin):","Nombre de usuario (admin):"
"Invalid Username or Password.","Nombre de usuario o contrase&ntilde;a inv&aacute;lido"
"File name:","Nombre del archivo:"
"Customer Name","Nombre del cliente"
"Attribute Set Name:","Nombre del conjunto de atributos:"
"Archive file name:","Nombre del fichero de Archivos:"
"Profile Name","Nombre del perfil"
"Role Name","Nombre del rol"
"User Name","Nombre del usuario"
"User name","Nombre del usuario"
"User Name:","Nombre del usuario:"
"Name on Card","Nombre en la tarjeta"
"Name on the Card: %s","Nombre en la tarjeta: %s"
"Name:","Nombre:"
"First Name:","Nombre:"
"Original Magento attribute names in first row:","Nombres de atributo originales de Magento en la primera fila:"
"Notes","Notas"
"Notes:","Notas:"
"Instant Payment Notification (IPN)","Notificaci&oacute;n de pago instant&aacute;nea (IPN)"
"New Password","Nueva contrase&ntilde;a"
"New admin password","Nueva contrase&ntilde;a de administrador"
"New Tag","Nueva etiqueta"
"New Extension","Nueva extensi&oacute;n"
"New Template","Nueva plantilla"
"New Email Template","Nueva plantilla de correo electr&oacute;nico"
"New System Template","Nueva plantilla de sistema"
"New Url","Nueva URL"
"New Store View","Nueva vista de tienda"
"New Accounts","Nuevas cuentas"
"New Profile","Nuevo perfil"
"New Website","Nuevo sitio web"
"New User","Nuevo usuario"
"New Customers","Nuevos clientes"
"Get help for this page","Obtener ayuda para esta p&aacute;gina"
"Get Image Base64","Obtener imagen base64"
"Forgot your user name or password?","Olvid&oacute; su nombre de usuario o contrase&ntilde;a?"
"Optional","Opcional"
"Options","Opciones"
"Aggregate Order","Orden completa"
"Sort Order","Ordenar pedido"
"Shipping origin","Origen del env&iacute;o"
"Page","P&aacute;gina"
"Previous page","P&aacute;gina anterior"
"Next page","P&aacute;gina siguiente"
"Country","Pa&iacute;s"
"Country:","Pa&iacute;s:"
"Dashboard","Panel de administraci&oacute;n"
"Package","Paquete"
"Packages","Paquetes"
"For unpack on windows system use <a href=""%s"">%s</a>","Para descomprimir en un sistema windows usar: <a href=""%s"">%s</a>"
"Order #%s","Pedido #%s"
"Order #%s (%s)","Pedido #%s (%s)"
"Orders","Pedidos"
"Recent Orders","Pedidos recientes"
"Period","Per&iacute;odo"
"Sorry, this feature is coming soon...","Perd&oacute;n. Esta caracter&iacute;stica estar&aacute; disponible pr&oacute;ximamente ..."
"Import/Export Profile","Perfil de importaci&oacute;n/exportaci&oacute;n"
"Profiles","Perfiles"
"Advanced Profiles","Perfiles avanzados"
"Import/Export Profiles","Perfiles de importaci&oacute;n/exportaci&oacute;n"
"Import/Export GUI Profiles","Perfiles GUI de importaci&oacute;n/exportaci&oacute;n"
"Permissions","Permisos"
"Custom","Personalizar"
"Template","Plantilla"
"Default Template from Locale","Plantilla por defecto desde Local"
"Per Item","Por art&iacute;culo"
"Default","Por defecto"
"Please wait, loading...","Por favor espere, cargando…"
"Please use this date format: dd/mm/yyyy. For example 17/03/2006 for the 17th of March, 2006.","Por favor use este formato de fecha: dd/mm/yyyy. Por ejemplo 17/03/2006 para el 17 de marzo de 2006."
"Please use letters only (a-z) in this field.","Por favor utilice s&oacute;lo letras (a-z) en este campo."
"Please use only letters (a-z) or numbers (0-9) only in this field. No spaces or other characters are allowed.","Por favor utilice s&oacute;lo letras (a-z) o n&uacute;meros (0-9) en este campo. No se permiten espacios u otros caracteres."
"Please use only letters (a-z) or numbers (0-9) or spaces and # only in this field.","Por favor utilice s&oacute;lo letras (a-z) o n&uacute;meros (0-9) o espacios y # en este campo."
"Please make sure that your changes were saved before running the profile.","Por favor, aseg&uacute;rese de que sus cambios fueron grabados antes de ejecutar el perfil"
"Please make sure your passwords match.","Por favor, aseg&uacute;rese de que sus contrase&ntilde;as coinciden"
"Please fill in 'email' field.","Por favor, complete el campo 'correo electr&oacute;nico'."
"Please confirm site switching. All data that hasn't been saved will be lost.","Por favor, confirme que desea cambiar de sitio. Todos los datos no guardados se perder&aacute;n."
"Please enter 6 or more characters.","Por favor, escriba 6 o m&aacute;s caracteres."
"Please enter a valid zip code. For example 90602 or 90602-1234.","Por favor, escriba un c&oacute;digo postal v&aacute;lido."
"Please enter a valid zip code.","Por favor, escriba un c&oacute;digo postal v&aacute;lido."
"Please enter a valid credit card number.","Por favor, escriba un n&uacute;mero de tarjeta de cr&eacute;dito v&aacute;lido"
"Please enter a number greater than 0 in this field.","Por favor, escriba un n&uacute;mero mayor que 0 en este campo."
"Please enter a valid phone number. For example (123) 456-7890 or 123-456-7890.","Por favor, escriba un n&uacute;mero telef&oacute;nico v&aacute;lido"
"Please enter a valid social security number. For example 123-45-6789.","Por favor, escriba un n&uacute;mero v&aacute;lido de seguridad social. Por ejemplo 123-45-6789."
"Please enter a valid number in this field.","Por favor, escriba un n&uacute;mero v&aacute;lido en este campo"
"Please enter a valid $ amount. For example $100.00.","Por favor, escriba una cantidad v&aacute;lida. Por ejemplo $100.00"
"Please enter valid password.","Por favor, escriba una contrase&ntilde;a v&aacute;lida."
"Please enter a valid email address. For example johndoe@domain.com.","Por favor, escriba una direcci&oacute;n de correo electr&oacute;nico v&aacute;lida. Por ejemplo juan@dominio.com"
"Please enter a valid date.","Por favor, escriba una fecha v&aacute;lida"
"Please enter a valid URL. http:// is required","Por favor, escriba una URL v&aacute;lida. http:// es obligatorio"
"Please enter a valid URL. For example http://www.example.com or www.example.com","Por favor, escriba una URL v&aacute;lida.Por ejemplo http://www.ejemplo.com o www.ejemplo.com"
"Please specify at least start or end date.","Por favor, especifique por lo menos fecha de inicio o de fin"
"Please wait...","Por favor, espere..."
"Please enter a valid value from list","Por favor, introduzca un valor v&aacute;lido de la lista"
"Please enter a valid value, ex: 10,20,30","Por favor, introduzca un valor v&aacute;lido. Ej: 10, 20, 30"
"Please, add a few answers to this poll first","Por favor, primero agregue algunas respuestas a esta votaci&oacute;n"
"Please select catalog searches","Por favor, seleccione b&uacute;squedas de cat&aacute;logo"
"Please select customer(s)","Por favor, seleccione cliente(s)"
"Please select State/Province.","Por favor, seleccione Estado/Provincia"
"Please select tag(s)","Por favor, seleccione etiqueta(s)"
"Please select review(s)","Por favor, seleccione opini&oacute;n(s)"
"Please, select visible in stores to this poll first","Por favor, seleccione primero visible en tiendas para esta votaci&oacute;n"
"Please select a custmer","Por favor, seleccione un cliente"
"Please select a product","Por favor, seleccione un producto"
"Please select a type","Por favor, seleccione un tipo"
"Please select a category","Por favor, seleccione una categor&iacute;a"
"Please select one of the above options.","Por favor, seleccione una de las opciones de arriba."
"Please select one of the options.","Por favor, seleccione una de las opciones."
"Please select an option.","Por favor, seleccione una opci&oacute;n."
"Please select a store","Por favor, seleccione una tienda"
"Please use in this field only ""a-z,0-9,_"".","Por favor, utilice en este campo s&oacute;lo ""a-z,0-9,_"""
"Please use numbers only in this field. please avoid spaces or other characters such as dots or commas.","Por favor, utilice s&oacute;lo n&uacute;meros en este campo. Evite espacios u otros caracteres como puntos o comas."
"per page","por p&aacute;gina"
"Per Order","Por pedido"
"Position of Watermark for %s","Posici&oacute;n de marca de agua para %s"
"Price","Precio"
"Shipping Price","Precio de env&iacute;o"
"Final Price","Precio Final"
"Price:","Precio:"
"Preparing to change $pkg, please wait...","Preparando el cambio de $pkg, por favor espere..."
"Preview","Previsualizar"
"Email Preview","Previsualizar el correo electr&oacute;nico"
"Preview Template","Previsualizar la plantilla"
"Processed <strong>%s%% %s/%d</strong> records","Procesados <strong>%s%% %s/%d</strong> registros"
"Product","Producto"
"Products","Productos"
"Most Viewed Products","Productos m&aacute;s vistos"
"Average Orders","Promedio de importe de pedidos"
"Promo","Promoci&oacute;n"
"Promotions","Promociones"
"What is this?","Qu&eacute; es esto?"
"Remove","Quitar"
"Performed At","Realizado el"
"Track this shipment","Realizar seguimiento de este env&iacute;o"
"Refresh","Recargar"
"Recommended","Recomendado"
"Retrieve Password","Recuperar contrase&ntilde;a"
"Resources","Recursos"
"Roles Resources","Recursos de roles"
"Role Resources","Recursos del rol"
"Redirect","Redirigir"
"Urlrewrite was deleted","Reescritura de URL borrada"
"Region/State","Regi&oacute;n/Estado"
"Imported <strong>%s</strong> records","Registro importado <strong>%s</strong>"
"Back to Login","Regresar a la p&aacute;gina de Acceso"
"Back to local packages","Regresar a los paquetes locales"
"Reset","Reiniciar"
"Reset Filter","Reiniciar filtro"
"Sender","Remitente"
"Required","Requerido"
"Results","Resultados"
"Summary","Resumen"
"Summary:","Resumen:"
"Role","Rol"
"User Role","Rol del usuario"
"Roles","Roles"
"User Roles","Roles del usuario"
"Rotate CCW","Rotar en sentido antihorario"
"Rotate CW","Rotar en sentido horario"
"Path","Ruta"
"ID Path","Ruta de ID"
"Request Path","Ruta solicitada"
"Path:","Ruta:"
"Yes","S&iacute;"
"Yes (only price with tax)","S&iacute; (s&oacute;lo precio con impuesto)"
"Only mapped fields","S&oacute;lo campos vinculados"
"Only attributes with scope ""Global"", input type ""Dropdown"" and Use To Create Configurable Product ""Yes"" are available.","S&oacute;lo est&aacute;n disponibles los atributos de alcance ""Global"", tipo de entrada ""Desplegable"" y Usar para Crear Producto Configurable ""S&iacute;""."
"Switch/Solo/Maestro(UK Domestic) Only","S&oacute;lo Switch/Solo/Maestro (UK nacional)"
"Shipment #%s comment added","Se agreg&oacute; el comentario de env&iacute;o #%s"
"Shipment #%s created","Se cre&oacute; env&iacute;o #%s"
"All possible rates were fetched, click on ""Save"" to apply","Se fijaron todas las tasas posibles, click en ""Grabar"" para aplicar los cambios"
"All rates were fetched, click on ""Save"" to apply","Se fijaron todas las tasas. Click en ""Grabar"" para aplicar los cambios"
"Track order","Seguimiento del Pedido"
"Select Date","Seleccionar fecha"
"Select Range","Seleccionar rango"
"Select All","Seleccionar todo"
"Select Visible","Seleccionar visible"
"Choose Store View","Seleccione la vista de tienda"
"Choose an attribute","Seleccione un atributo"
"Date selector","Selector de fecha"
"Import Service","Servicio de importaci&oacute;n"
"Local Server","Servidor local"
"Local/Remote Server","Servidor local/remoto"
"System","Sistema"
"Website","Sitio web"
"Switch/Solo Only","Solamente tarjetas Switch/Solo"
"Your Account has been deactivated.","Su cuenta ha sido desactivada."
"Upload File","Subir archivo"
"Upload import file","Subir archivo de importaci&oacute;n"
"Upload Local File","Subir archivo local"
"Upload local file:","Subir archivo local:"
"Upload Files","Subir archivos"
"Upload and Install","Subir e instalar"
"Subpackage","Subpaquete"
"Subpackages","Subpaquetes"
"Subtotal","Subtotal"
"Your answers contain duplicates.","Sus respuestas contienen duplicados."
"Price alert subscription was saved successfully","Suscripci&oacute;n de alerta de precio grabada con &eacute;xito"
"Search Term","T&eacute;rmino de la b&uacute;squeda"
"Search Terms","T&eacute;rminos de la b&uacute;squeda"
"Size for %s","Tama&ntilde;o para %s"
"Old rate:","Tarifa antigua"
"Rates","Tarifas"
"Tb","Tb"
"Phone:","Tel&eacute;fono:"
"Store","Tienda"
"Store:","Tienda:"
"Stores","Tiendas"
"Type","Tipo"
"Address Type:","Tipo de domicilio:"
"Entity Type","Tipo de entidad"
"Entity type:","Tipo de entidad:"
"Template Type","Tipo de plantilla"
"Credit Card Type","Tipo de tarjeta de cr&eacute;dito"
"Credit Card Type: %s","Tipo de tarjeta de cr&eacute;dito: %s"
"Type:","Tipo:"
"All Tags","Todas las etiquetas"
"All valid rates successfully saved","Todas las tarifas v&aacute;lidas fueron grabadas con &eacute;xito"
"All Store Views","Todas las vistas de tienda"
"All","Todos"
"All Files","Todos los archivos"
"All fields","Todos los campos"
"All countries","Todos los pa&iacute;ses"
"All Allowed Countries","Todos los pa&iacute;ses permitidos"
"All Websites","Todos los sitios web"
"Grand Total","Total"
"Total","Total"
"Total %d records found","Total de registros encontrados %d"
"Total Refunded","Total devuelto"
"Total Invoiced","Total facturado"
"Invoice Totals","Totales de factura"
"Credit Memo Totals","Totales de notas de cr&eacute;dito"
"Order Totals","Totales del pedido"
"Data transfer:","Transferencia de datos"
"Payment Data Transfer (PDT)","Transferencia de datos de pago (PDT)"
"Last 24 hours","Ultimas 24 horas"
"Last Month","Ultimo mes"
"Last Logged In:","Ultimo que accedi&oacute;:"
"Last 5 Orders","Ultimos 5 pedidos"
"Last 5 Search Terms","Ultimos 5 t&eacute;rminos buscados"
"Last 7 days","Ultimos 7 d&iacute;as"
"Total of %d record(s) were successfully updated","Un total de %d registro(s) fueron actualizados con &eacute;xito"
"Total of %d record(s) were successfully deleted","Un total de %d registro(s) fueron borrados con &eacute;xito"
"Invalid URL","URL inv&aacute;lida"
"Remote URL:","URL remota:"
"Use default","Usar por defecto"
"Use website","Usar sitio web"
"Use Default Value","Usar valor por defecto"
"You successfully logged out.","Usted ha salido de su cuenta con &eacute;xito."
"User","Usuario"
"Users","Usuarios"
"Role Users","Usuarios del rol"
"Invalid section value","Valor de secci&oacute;n inv&aacute;lido"
"Invalid website value","Valor de sitio web inv&aacute;lido"
"Invalid store value","Valor de tienda inv&aacute;lido"
"Default Values","Valores por defecto"
"Default (Admin) Values","Valores por defecto (Admin)"
"View","Ver"
"View Actions XML","Ver acciones XML"
"View Statistics for","Ver estad&iacute;sticas para"
"Version","Versi&oacute;n"
"API Version","Versi&oacute;n API"
"Magento ver. %s","Versi&oacute;n de Magento %s"
"Release Version","Versi&oacute;n del lanzamiento"
"Available Version","Versi&oacute;n disponible"
"Installed Version","Versi&oacute;n instalada"
"PHP Version","Versi&oacute;n PHP"
"Version:","Versi&oacute;n:"
"Visibility:","Visibilidad:"
"Store View","Vista de tienda"
"Store Views","Vistas de tienda"
"Back","Volver atr&aacute;s"
"XML","XML"
"Customer with the same email already exists.","Ya existe un cliente con la misma direcci&oacute;n de correo electr&oacute;nico."
"User with the same User Name or Email aleady exists","Ya existe un usuario con el mismo nombre de usuario o correo electr&oacute;nico"
"[ deleted ]","[ borrado ]"
"[deleted]","[borrado]"
